{
  "Update User using PUT" : {
    "transaction" : "Update User using PUT",
    "sampleCount" : 7,
    "errorCount" : 0,
    "errorPct" : 0.0,
    "meanResTime" : 20.42857142857143,
    "medianResTime" : 20.0,
    "minResTime" : 18.0,
    "maxResTime" : 23.0,
    "pct1ResTime" : 23.0,
    "pct2ResTime" : 23.0,
    "pct3ResTime" : 23.0,
    "throughput" : 9.234828496042217,
    "receivedKBytesPerSec" : 4.527230375989446,
    "sentKBytesPerSec" : 5.618455227572559
  },
  "Delete User" : {
    "transaction" : "Delete User",
    "sampleCount" : 7,
    "errorCount" : 0,
    "errorPct" : 0.0,
    "meanResTime" : 16.857142857142858,
    "medianResTime" : 16.0,
    "minResTime" : 14.0,
    "maxResTime" : 21.0,
    "pct1ResTime" : 21.0,
    "pct2ResTime" : 21.0,
    "pct3ResTime" : 21.0,
    "throughput" : 9.358288770053475,
    "receivedKBytesPerSec" : 3.4271077038770055,
    "sentKBytesPerSec" : 4.103390290775401
  },
  "Total" : {
    "transaction" : "Total",
    "sampleCount" : 42,
    "errorCount" : 0,
    "errorPct" : 0.0,
    "meanResTime" : 28.714285714285722,
    "medianResTime" : 19.0,
    "minResTime" : 13.0,
    "maxResTime" : 388.0,
    "pct1ResTime" : 30.700000000000003,
    "pct2ResTime" : 33.85,
    "pct3ResTime" : 388.0,
    "throughput" : 33.2541567695962,
    "receivedKBytesPerSec" : 16.84125717537609,
    "sentKBytesPerSec" : 16.674244111243073
  },
  "Create User" : {
    "transaction" : "Create User",
    "sampleCount" : 7,
    "errorCount" : 0,
    "errorPct" : 0.0,
    "meanResTime" : 30.71428571428571,
    "medianResTime" : 30.0,
    "minResTime" : 28.0,
    "maxResTime" : 34.0,
    "pct1ResTime" : 34.0,
    "pct2ResTime" : 34.0,
    "pct3ResTime" : 34.0,
    "throughput" : 8.951406649616368,
    "receivedKBytesPerSec" : 5.251208839514066,
    "sentKBytesPerSec" : 5.41729939258312
  },
  "Login" : {
    "transaction" : "Login",
    "sampleCount" : 7,
    "errorCount" : 0,
    "errorPct" : 0.0,
    "meanResTime" : 72.85714285714285,
    "medianResTime" : 21.0,
    "minResTime" : 19.0,
    "maxResTime" : 388.0,
    "pct1ResTime" : 388.0,
    "pct2ResTime" : 388.0,
    "pct3ResTime" : 388.0,
    "throughput" : 5.993150684931506,
    "receivedKBytesPerSec" : 3.6119434931506853,
    "sentKBytesPerSec" : 2.820994755993151
  },
  "Search User" : {
    "transaction" : "Search User",
    "sampleCount" : 7,
    "errorCount" : 0,
    "errorPct" : 0.0,
    "meanResTime" : 15.571428571428571,
    "medianResTime" : 15.0,
    "minResTime" : 13.0,
    "maxResTime" : 18.0,
    "pct1ResTime" : 18.0,
    "pct2ResTime" : 18.0,
    "pct3ResTime" : 18.0,
    "throughput" : 9.234828496042217,
    "receivedKBytesPerSec" : 5.543731447889182,
    "sentKBytesPerSec" : 3.8779064973614776
  },
  "Update User using PATCH" : {
    "transaction" : "Update User using PATCH",
    "sampleCount" : 7,
    "errorCount" : 0,
    "errorPct" : 0.0,
    "meanResTime" : 15.857142857142856,
    "medianResTime" : 16.0,
    "minResTime" : 14.0,
    "maxResTime" : 17.0,
    "pct1ResTime" : 17.0,
    "pct2ResTime" : 17.0,
    "pct3ResTime" : 17.0,
    "throughput" : 9.333333333333334,
    "receivedKBytesPerSec" : 3.6640625,
    "sentKBytesPerSec" : 4.34765625
  }
}